{"textures":{"0":"modelengine:entity/rp"},"elements":[{"name":"cube","from":[7.7424264,7.8799996,7.5033097],"to":[8.342426,8.03,7.5633097],"rotation":{"angle":45.0,"axis":"y","origin":[8.042427,7.9549994,7.5333095]},"faces":{"down":{"uv":[13.875,1.125,13.75,1.140625],"rotation":0,"texture":"#0","tintindex":0},"east":{"uv":[13.75,2.0,13.765625,2.03125],"rotation":0,"texture":"#0","tintindex":0},"north":{"uv":[13.625,13.0,13.75,13.03125],"rotation":0,"texture":"#0","tintindex":0},"south":{"uv":[13.125,13.625,13.25,13.65625],"rotation":0,"texture":"#0","tintindex":0},"up":{"uv":[0.875,13.765625,0.75,13.75],"rotation":0,"texture":"#0","tintindex":0},"west":{"uv":[13.75,2.125,13.765625,2.15625],"rotation":0,"texture":"#0","tintindex":0}}}],"display":{"head":{"translation":[0.0,-6.4,0.0],"rotation":[0.0,0.0,0.0],"scale":[3.8095,3.8095,3.8095]}}}