{"textures":{"0":"modelengine:entity/rp"},"elements":[{"name":"cube","from":[7.655,7.790001,7.97],"to":[8.344999,8.210001,8.030001],"rotation":{"angle":45.0,"axis":"y","origin":[8.0,8.0,8.0]},"faces":{"down":{"uv":[13.890625,0.875,13.75,0.890625],"rotation":0,"texture":"#0","tintindex":0},"east":{"uv":[13.75,1.5,13.765625,1.59375],"rotation":0,"texture":"#0","tintindex":0},"north":{"uv":[13.5,13.5,13.640625,13.59375],"rotation":0,"texture":"#0","tintindex":0},"south":{"uv":[0.0,13.625,0.140625,13.71875],"rotation":0,"texture":"#0","tintindex":0},"up":{"uv":[13.890625,0.765625,13.75,0.75],"rotation":0,"texture":"#0","tintindex":0},"west":{"uv":[13.75,1.625,13.765625,1.71875],"rotation":0,"texture":"#0","tintindex":0}}}],"display":{"head":{"translation":[0.0,-6.4,0.0],"rotation":[0.0,0.0,0.0],"scale":[3.8095,3.8095,3.8095]}}}