{"textures":{"0":"modelengine:entity/rp"},"elements":[{"name":"cube","from":[7.67,7.7,6.5600004],"to":[8.33,8.3,9.440001],"rotation":{"angle":0.0,"axis":"x","origin":[8.0,7.9399996,7.97]},"faces":{"down":{"uv":[9.765625,12.875,9.625,13.46875],"rotation":0,"texture":"#0","tintindex":0},"east":{"uv":[12.875,11.125,13.46875,11.25],"rotation":0,"texture":"#0","tintindex":0},"north":{"uv":[13.5,6.75,13.640625,6.875],"rotation":0,"texture":"#0","tintindex":0},"south":{"uv":[13.5,6.875,13.640625,7.0],"rotation":0,"texture":"#0","tintindex":0},"up":{"uv":[9.515625,13.46875,9.375,12.875],"rotation":0,"texture":"#0","tintindex":0},"west":{"uv":[13.125,0.5,13.71875,0.625],"rotation":0,"texture":"#0","tintindex":0}}}],"display":{"head":{"translation":[0.0,-6.4,0.0],"rotation":[0.0,0.0,0.0],"scale":[3.8095,3.8095,3.8095]}}}