{"textures":{"0":"modelengine:entity/rp"},"elements":[{"name":"cube","from":[7.6575737,7.8799996,7.5033097],"to":[8.257573,8.03,7.5633097],"rotation":{"angle":-45.0,"axis":"y","origin":[7.9575734,7.9549994,7.5333095]},"faces":{"down":{"uv":[1.5,13.75,1.375,13.765625],"rotation":0,"texture":"#0","tintindex":0},"east":{"uv":[13.75,2.25,13.765625,2.28125],"rotation":0,"texture":"#0","tintindex":0},"north":{"uv":[13.625,13.125,13.75,13.15625],"rotation":0,"texture":"#0","tintindex":0},"south":{"uv":[13.25,13.625,13.375,13.65625],"rotation":0,"texture":"#0","tintindex":0},"up":{"uv":[13.875,1.265625,13.75,1.25],"rotation":0,"texture":"#0","tintindex":0},"west":{"uv":[13.75,2.375,13.765625,2.40625],"rotation":0,"texture":"#0","tintindex":0}}}],"display":{"head":{"translation":[0.0,-6.4,0.0],"rotation":[0.0,0.0,0.0],"scale":[3.8095,3.8095,3.8095]}}}