{"textures":{"0":"modelengine:entity/rp"},"elements":[{"name":"cube","from":[7.67,7.790001,7.97],"to":[8.33,8.210001,8.030001],"rotation":{"angle":-45.0,"axis":"y","origin":[8.0,8.0,8.0]},"faces":{"down":{"uv":[1.265625,13.75,1.125,13.765625],"rotation":0,"texture":"#0","tintindex":0},"east":{"uv":[13.75,1.75,13.765625,1.84375],"rotation":0,"texture":"#0","tintindex":0},"north":{"uv":[0.375,13.625,0.515625,13.71875],"rotation":0,"texture":"#0","tintindex":0},"south":{"uv":[13.625,0.625,13.765625,0.71875],"rotation":0,"texture":"#0","tintindex":0},"up":{"uv":[13.890625,1.015625,13.75,1.0],"rotation":0,"texture":"#0","tintindex":0},"west":{"uv":[13.75,1.875,13.765625,1.96875],"rotation":0,"texture":"#0","tintindex":0}}}],"display":{"head":{"translation":[0.0,-6.4,0.0],"rotation":[0.0,0.0,0.0],"scale":[3.8095,3.8095,3.8095]}}}