{"textures":{"0":"modelengine:entity/rp"},"elements":[{"name":"cube","from":[7.91,7.633459,6.6499996],"to":[8.09,8.233459,9.11],"rotation":{"angle":0.0,"axis":"x","origin":[8.0,7.9334593,8.0]},"faces":{"down":{"uv":[7.53125,13.5,7.5,14.015625],"rotation":0,"texture":"#0","tintindex":0},"east":{"uv":[13.25,1.375,13.765625,1.5],"rotation":0,"texture":"#0","tintindex":0},"north":{"uv":[13.625,12.875,13.65625,13.0],"rotation":0,"texture":"#0","tintindex":0},"south":{"uv":[13.0,13.625,13.03125,13.75],"rotation":0,"texture":"#0","tintindex":0},"up":{"uv":[7.40625,14.015625,7.375,13.5],"rotation":0,"texture":"#0","tintindex":0},"west":{"uv":[1.5,13.25,2.015625,13.375],"rotation":0,"texture":"#0","tintindex":0}}}],"display":{"head":{"translation":[0.0,-6.4,0.0],"rotation":[0.0,0.0,0.0],"scale":[3.8095,3.8095,3.8095]}}}