{"textures":{"0":"modelengine:entity/rp"},"elements":[{"name":"cube","from":[7.91,7.6334596,6.6500006],"to":[8.09,8.233459,9.35],"rotation":{"angle":0.0,"axis":"x","origin":[8.0,7.9334593,8.0]},"faces":{"down":{"uv":[7.28125,13.5,7.25,14.0625],"rotation":0,"texture":"#0","tintindex":0},"east":{"uv":[13.125,11.375,13.6875,11.5],"rotation":0,"texture":"#0","tintindex":0},"north":{"uv":[13.625,12.75,13.65625,12.875],"rotation":0,"texture":"#0","tintindex":0},"south":{"uv":[12.875,13.625,12.90625,13.75],"rotation":0,"texture":"#0","tintindex":0},"up":{"uv":[7.15625,14.0625,7.125,13.5],"rotation":0,"texture":"#0","tintindex":0},"west":{"uv":[13.125,11.5,13.6875,11.625],"rotation":0,"texture":"#0","tintindex":0}}}],"display":{"head":{"translation":[0.0,-6.4,0.0],"rotation":[0.0,0.0,0.0],"scale":[3.8095,3.8095,3.8095]}}}