{"textures":{"0":"modelengine:entity/rp"},"elements":[{"name":"cube","from":[7.7,7.034005,9.548179],"to":[8.3,7.6340055,16.148178],"rotation":{"angle":0.0,"axis":"x","origin":[8.0,7.3340054,12.848179]},"faces":{"down":{"uv":[11.25,12.25,11.125,13.625],"rotation":0,"texture":"#0","tintindex":0},"east":{"uv":[12.25,7.875,13.625,8.0],"rotation":0,"texture":"#0","tintindex":0},"north":{"uv":[11.75,8.5,11.875,8.625],"rotation":0,"texture":"#0","tintindex":0},"south":{"uv":[12.375,11.625,12.5,11.75],"rotation":0,"texture":"#0","tintindex":0},"up":{"uv":[11.125,13.625,11.0,12.25],"rotation":0,"texture":"#0","tintindex":0},"west":{"uv":[12.375,0.0,13.75,0.125],"rotation":0,"texture":"#0","tintindex":0}}},{"name":"cube","from":[7.7,6.69761,15.76031],"to":[8.3,7.29761,16.96031],"rotation":{"angle":45.0,"axis":"x","origin":[8.0,6.9976096,16.36031]},"faces":{"down":{"uv":[9.625,10.75,9.5,11.0],"rotation":0,"texture":"#0","tintindex":0},"east":{"uv":[6.875,2.5,7.125,2.625],"rotation":0,"texture":"#0","tintindex":0},"north":{"uv":[12.375,12.5,12.5,12.625],"rotation":0,"texture":"#0","tintindex":0},"south":{"uv":[12.75,0.875,12.875,1.0],"rotation":0,"texture":"#0","tintindex":0},"up":{"uv":[0.75,10.875,0.625,10.625],"rotation":0,"texture":"#0","tintindex":0},"west":{"uv":[8.625,1.25,8.875,1.375],"rotation":0,"texture":"#0","tintindex":0}}},{"name":"cube","from":[7.7,7.864336,16.528507],"to":[8.3,8.464336,17.278507],"rotation":{"angle":45.0,"axis":"x","origin":[8.0,8.164336,16.678509]},"faces":{"down":{"uv":[13.625,6.375,13.5,6.53125],"rotation":0,"texture":"#0","tintindex":0},"east":{"uv":[13.5,6.25,13.65625,6.375],"rotation":0,"texture":"#0","tintindex":0},"north":{"uv":[2.125,13.25,2.25,13.375],"rotation":0,"texture":"#0","tintindex":0},"south":{"uv":[13.25,7.25,13.375,7.375],"rotation":0,"texture":"#0","tintindex":0},"up":{"uv":[1.5,13.65625,1.375,13.5],"rotation":0,"texture":"#0","tintindex":0},"west":{"uv":[6.375,13.5,6.53125,13.625],"rotation":0,"texture":"#0","tintindex":0}}},{"name":"cube","from":[7.7,7.121874,16.608839],"to":[8.3,7.7218733,17.65884],"rotation":{"angle":-45.0,"axis":"x","origin":[8.0,7.421873,17.20884]},"faces":{"down":{"uv":[10.875,11.0,10.75,11.21875],"rotation":0,"texture":"#0","tintindex":0},"east":{"uv":[10.375,8.75,10.59375,8.875],"rotation":0,"texture":"#0","tintindex":0},"north":{"uv":[13.5,9.0,13.625,9.125],"rotation":0,"texture":"#0","tintindex":0},"south":{"uv":[13.5,11.125,13.625,11.25],"rotation":0,"texture":"#0","tintindex":0},"up":{"uv":[6.875,11.21875,6.75,11.0],"rotation":0,"texture":"#0","tintindex":0},"west":{"uv":[10.625,10.0,10.84375,10.125],"rotation":0,"texture":"#0","tintindex":0}}},{"name":"cube","from":[7.7,8.3659935,-0.74817824],"to":[8.3,8.965994,6.451822],"rotation":{"angle":0.0,"axis":"x","origin":[8.0,8.665994,2.851822]},"faces":{"down":{"uv":[11.0,12.25,10.875,13.75],"rotation":0,"texture":"#0","tintindex":0},"east":{"uv":[12.25,7.625,13.75,7.75],"rotation":0,"texture":"#0","tintindex":0},"north":{"uv":[12.5,13.5,12.625,13.625],"rotation":0,"texture":"#0","tintindex":0},"south":{"uv":[12.625,13.5,12.75,13.625],"rotation":0,"texture":"#0","tintindex":0},"up":{"uv":[10.875,13.75,10.75,12.25],"rotation":0,"texture":"#0","tintindex":0},"west":{"uv":[12.25,7.75,13.75,7.875],"rotation":0,"texture":"#0","tintindex":0}}},{"name":"cube","from":[7.7,7.7,6.2],"to":[8.3,8.3,9.8],"rotation":{"angle":22.5,"axis":"x","origin":[8.0,8.0,8.0]},"faces":{"down":{"uv":[0.875,9.125,0.75,9.875],"rotation":0,"texture":"#0","tintindex":0},"east":{"uv":[9.625,8.125,10.375,8.25],"rotation":0,"texture":"#0","tintindex":0},"north":{"uv":[13.5,12.625,13.625,12.75],"rotation":0,"texture":"#0","tintindex":0},"south":{"uv":[13.5,12.75,13.625,12.875],"rotation":0,"texture":"#0","tintindex":0},"up":{"uv":[7.125,8.25,7.0,7.5],"rotation":0,"texture":"#0","tintindex":0},"west":{"uv":[12.375,8.375,13.125,8.5],"rotation":0,"texture":"#0","tintindex":0}}}],"display":{"head":{"translation":[0.0,-6.4,0.0],"rotation":[0.0,0.0,0.0],"scale":[3.8095,3.8095,3.8095]}}}