{"textures":{"0":"modelengine:entity/rp"},"elements":[{"name":"cube","from":[7.1075,7.85,7.1],"to":[8.8925,9.950001,9.2],"rotation":{"angle":0.0,"axis":"x","origin":[8.0,8.9,8.15]},"faces":{"down":{"uv":[4.375,12.375,4.0,12.8125],"rotation":0,"texture":"#0","tintindex":0},"east":{"uv":[12.25,4.75,12.6875,5.1875],"rotation":0,"texture":"#0","tintindex":0},"north":{"uv":[12.375,0.125,12.75,0.5625],"rotation":0,"texture":"#0","tintindex":0},"south":{"uv":[12.375,3.25,12.75,3.6875],"rotation":0,"texture":"#0","tintindex":0},"up":{"uv":[12.75,4.1875,12.375,3.75],"rotation":0,"texture":"#0","tintindex":0},"west":{"uv":[12.25,5.25,12.6875,5.6875],"rotation":0,"texture":"#0","tintindex":0}}},{"name":"cube","from":[7.1966166,7.85,6.715147],"to":[8.036617,9.950001,7.3151474],"rotation":{"angle":45.0,"axis":"y","origin":[7.6166167,8.9,7.015147]},"faces":{"down":{"uv":[5.046875,13.5,4.875,13.625],"rotation":0,"texture":"#0","tintindex":0},"east":{"uv":[4.375,6.875,4.5,7.3125],"rotation":0,"texture":"#0","tintindex":0},"north":{"uv":[8.0,13.125,8.171875,13.5625],"rotation":0,"texture":"#0","tintindex":0},"south":{"uv":[13.125,8.0,13.296875,8.4375],"rotation":0,"texture":"#0","tintindex":0},"up":{"uv":[4.296875,13.625,4.125,13.5],"rotation":0,"texture":"#0","tintindex":0},"west":{"uv":[0.625,10.125,0.75,10.5625],"rotation":0,"texture":"#0","tintindex":0}}},{"name":"cube","from":[7.580716,7.25,6.556048],"to":[7.970716,7.85,7.156048],"rotation":{"angle":45.0,"axis":"y","origin":[7.775716,7.55,6.8560476]},"faces":{"down":{"uv":[13.703125,4.875,13.625,5.0],"rotation":0,"texture":"#0","tintindex":0},"east":{"uv":[13.25,13.5,13.375,13.625],"rotation":0,"texture":"#0","tintindex":0},"north":{"uv":[13.625,1.25,13.703125,1.375],"rotation":0,"texture":"#0","tintindex":0},"south":{"uv":[13.625,4.75,13.703125,4.875],"rotation":0,"texture":"#0","tintindex":0},"up":{"uv":[4.953125,13.75,4.875,13.625],"rotation":0,"texture":"#0","tintindex":0},"west":{"uv":[13.5,13.25,13.625,13.375],"rotation":0,"texture":"#0","tintindex":0}}},{"name":"cube","from":[7.963383,7.85,6.715147],"to":[8.803383,9.950001,7.3151474],"rotation":{"angle":-45.0,"axis":"y","origin":[8.383383,8.9,7.015147]},"faces":{"down":{"uv":[5.546875,13.5,5.375,13.625],"rotation":0,"texture":"#0","tintindex":0},"east":{"uv":[6.625,11.625,6.75,12.0625],"rotation":0,"texture":"#0","tintindex":0},"north":{"uv":[13.125,8.5,13.296875,8.9375],"rotation":0,"texture":"#0","tintindex":0},"south":{"uv":[13.125,9.0,13.296875,9.4375],"rotation":0,"texture":"#0","tintindex":0},"up":{"uv":[5.296875,13.625,5.125,13.5],"rotation":0,"texture":"#0","tintindex":0},"west":{"uv":[10.625,11.625,10.75,12.0625],"rotation":0,"texture":"#0","tintindex":0}}},{"name":"cube","from":[8.0292845,7.25,6.556048],"to":[8.419284,7.85,7.156048],"rotation":{"angle":-45.0,"axis":"y","origin":[8.224284,7.55,6.8560476]},"faces":{"down":{"uv":[13.703125,5.125,13.625,5.25],"rotation":0,"texture":"#0","tintindex":0},"east":{"uv":[13.375,13.5,13.5,13.625],"rotation":0,"texture":"#0","tintindex":0},"north":{"uv":[5.0,13.625,5.078125,13.75],"rotation":0,"texture":"#0","tintindex":0},"south":{"uv":[13.625,5.0,13.703125,5.125],"rotation":0,"texture":"#0","tintindex":0},"up":{"uv":[5.203125,13.75,5.125,13.625],"rotation":0,"texture":"#0","tintindex":0},"west":{"uv":[13.5,13.375,13.625,13.5],"rotation":0,"texture":"#0","tintindex":0}}},{"name":"cube","from":[7.7915454,7.25,6.29603],"to":[8.211545,9.950001,6.71603],"rotation":{"angle":-45.0,"axis":"y","origin":[8.001545,8.6,6.50603]},"faces":{"down":{"uv":[13.71875,5.75,13.625,5.84375],"rotation":0,"texture":"#0","tintindex":0},"east":{"uv":[2.625,13.0,2.71875,13.5625],"rotation":0,"texture":"#0","tintindex":0},"north":{"uv":[6.625,12.875,6.71875,13.4375],"rotation":0,"texture":"#0","tintindex":0},"south":{"uv":[6.25,13.125,6.34375,13.6875],"rotation":0,"texture":"#0","tintindex":0},"up":{"uv":[5.84375,13.71875,5.75,13.625],"rotation":0,"texture":"#0","tintindex":0},"west":{"uv":[8.25,13.125,8.34375,13.6875],"rotation":0,"texture":"#0","tintindex":0}}},{"name":"cube","from":[7.7915454,7.85,7.13603],"to":[8.211545,9.950001,7.5560303],"rotation":{"angle":-45.0,"axis":"y","origin":[8.001545,8.9,7.34603]},"faces":{"down":{"uv":[13.71875,5.875,13.625,5.96875],"rotation":0,"texture":"#0","tintindex":0},"east":{"uv":[2.25,12.5,2.34375,12.9375],"rotation":0,"texture":"#0","tintindex":0},"north":{"uv":[4.625,12.375,4.71875,12.8125],"rotation":0,"texture":"#0","tintindex":0},"south":{"uv":[12.0,12.625,12.09375,13.0625],"rotation":0,"texture":"#0","tintindex":0},"up":{"uv":[5.96875,13.71875,5.875,13.625],"rotation":0,"texture":"#0","tintindex":0},"west":{"uv":[1.125,12.75,1.21875,13.1875],"rotation":0,"texture":"#0","tintindex":0}}}],"display":{"head":{"translation":[0.0,-6.4,0.0],"rotation":[0.0,0.0,0.0],"scale":[3.8095,3.8095,3.8095]}}}