{"textures":{"0":"modelengine:entity/rp"},"elements":[{"name":"cube","from":[7.1,7.450654,7.2652636],"to":[8.6,8.950654,8.765264],"rotation":{"angle":45.0,"axis":"x","origin":[7.85,8.200654,8.015264]},"faces":{"down":{"uv":[13.1875,6.25,12.875,6.5625],"rotation":0,"texture":"#0","tintindex":0},"east":{"uv":[3.75,12.875,4.0625,13.1875],"rotation":0,"texture":"#0","tintindex":0},"north":{"uv":[1.875,12.875,2.1875,13.1875],"rotation":0,"texture":"#0","tintindex":0},"south":{"uv":[4.625,12.875,4.9375,13.1875],"rotation":0,"texture":"#0","tintindex":0},"up":{"uv":[5.6875,13.1875,5.375,12.875],"rotation":0,"texture":"#0","tintindex":0},"west":{"uv":[5.0,12.875,5.3125,13.1875],"rotation":0,"texture":"#0","tintindex":0}}},{"name":"cube","from":[7.4,3.453023,7.6165905],"to":[8.3,8.403023,8.51659],"rotation":{"angle":0.0,"axis":"x","origin":[7.85,5.9280233,8.06659]},"faces":{"down":{"uv":[8.8125,13.375,8.625,13.5625],"rotation":0,"texture":"#0","tintindex":0},"east":{"uv":[12.25,9.0,12.4375,10.03125],"rotation":0,"texture":"#0","tintindex":0},"north":{"uv":[8.875,12.25,9.0625,13.28125],"rotation":0,"texture":"#0","tintindex":0},"south":{"uv":[9.125,12.25,9.3125,13.28125],"rotation":0,"texture":"#0","tintindex":0},"up":{"uv":[13.5625,8.6875,13.375,8.5],"rotation":0,"texture":"#0","tintindex":0},"west":{"uv":[12.25,10.125,12.4375,11.15625],"rotation":0,"texture":"#0","tintindex":0}}},{"name":"cube","from":[7.25,5.853023,7.4665904],"to":[8.45,8.403023,8.66659],"rotation":{"angle":0.0,"axis":"x","origin":[7.85,7.128023,8.06659]},"faces":{"down":{"uv":[3.25,13.25,3.0,13.5],"rotation":0,"texture":"#0","tintindex":0},"east":{"uv":[12.625,1.0,12.875,1.53125],"rotation":0,"texture":"#0","tintindex":0},"north":{"uv":[12.125,12.5,12.375,13.03125],"rotation":0,"texture":"#0","tintindex":0},"south":{"uv":[1.25,12.625,1.5,13.15625],"rotation":0,"texture":"#0","tintindex":0},"up":{"uv":[13.5,3.0,13.25,2.75],"rotation":0,"texture":"#0","tintindex":0},"west":{"uv":[12.625,1.625,12.875,2.15625],"rotation":0,"texture":"#0","tintindex":0}}}],"display":{"head":{"translation":[0.0,-6.4,0.0],"rotation":[0.0,0.0,0.0],"scale":[3.8095,3.8095,3.8095]}}}