{"textures":{"0":"modelengine:entity/rp"},"elements":[{"name":"cube","from":[7.1,7.088522,7.1152635],"to":[8.9,8.888523,8.915264],"rotation":{"angle":45.0,"axis":"x","origin":[8.0,7.988522,8.015264]},"faces":{"down":{"uv":[12.875,11.625,12.5,12.0],"rotation":0,"texture":"#0","tintindex":0},"east":{"uv":[12.5,9.75,12.875,10.125],"rotation":0,"texture":"#0","tintindex":0},"north":{"uv":[12.5,9.375,12.875,9.75],"rotation":0,"texture":"#0","tintindex":0},"south":{"uv":[12.5,10.125,12.875,10.5],"rotation":0,"texture":"#0","tintindex":0},"up":{"uv":[12.875,11.25,12.5,10.875],"rotation":0,"texture":"#0","tintindex":0},"west":{"uv":[12.5,10.5,12.875,10.875],"rotation":0,"texture":"#0","tintindex":0}}},{"name":"cube","from":[7.55,0.87530065,8.736198],"to":[8.45,4.9253006,10.086199],"rotation":{"angle":0.0,"axis":"x","origin":[8.0,2.9003007,9.4112]},"faces":{"down":{"uv":[4.8125,13.25,4.625,13.53125],"rotation":0,"texture":"#0","tintindex":0},"east":{"uv":[0.5,11.875,0.78125,12.71875],"rotation":0,"texture":"#0","tintindex":0},"north":{"uv":[6.75,12.375,6.9375,13.21875],"rotation":0,"texture":"#0","tintindex":0},"south":{"uv":[7.0,12.375,7.1875,13.21875],"rotation":0,"texture":"#0","tintindex":0},"up":{"uv":[4.5625,13.53125,4.375,13.25],"rotation":0,"texture":"#0","tintindex":0},"west":{"uv":[0.875,11.875,1.15625,12.71875],"rotation":0,"texture":"#0","tintindex":0}}},{"name":"cube","from":[7.55,-0.3246994,8.734999],"to":[7.55,0.87530065,10.084999],"rotation":{"angle":0.0,"axis":"x","origin":[7.55,0.27530074,9.41]},"faces":{"down":{"uv":[0.0,0.0,0.0,0.28125],"rotation":0,"texture":"#0","tintindex":0},"east":{"uv":[13.125,13.0,13.40625,13.25],"rotation":0,"texture":"#0","tintindex":0},"north":{"uv":[0.0,0.0,0.0,0.25],"rotation":0,"texture":"#0","tintindex":0},"south":{"uv":[0.0,0.0,0.0,0.25],"rotation":0,"texture":"#0","tintindex":0},"up":{"uv":[0.0,0.28125,0.0,0.0],"rotation":0,"texture":"#0","tintindex":0},"west":{"uv":[0.0,13.25,0.28125,13.5],"rotation":0,"texture":"#0","tintindex":0}}},{"name":"cube","from":[7.55,-0.3246994,8.734999],"to":[7.55,0.87530065,10.084999],"rotation":{"angle":0.0,"axis":"x","origin":[7.55,0.27530074,9.41]},"faces":{"down":{"uv":[0.0,0.0,0.0,0.28125],"rotation":0,"texture":"#0","tintindex":0},"east":{"uv":[0.375,13.25,0.65625,13.5],"rotation":0,"texture":"#0","tintindex":0},"north":{"uv":[0.0,0.0,0.0,0.25],"rotation":0,"texture":"#0","tintindex":0},"south":{"uv":[0.0,0.0,0.0,0.25],"rotation":0,"texture":"#0","tintindex":0},"up":{"uv":[0.0,0.28125,0.0,0.0],"rotation":0,"texture":"#0","tintindex":0},"west":{"uv":[13.25,0.625,13.53125,0.875],"rotation":0,"texture":"#0","tintindex":0}}},{"name":"cube","from":[8.45,-0.3246994,8.734999],"to":[8.45,0.87530065,10.084999],"rotation":{"angle":0.0,"axis":"x","origin":[8.45,0.27530074,9.41]},"faces":{"down":{"uv":[0.0,0.0,0.0,0.28125],"rotation":0,"texture":"#0","tintindex":0},"east":{"uv":[0.75,13.25,1.03125,13.5],"rotation":0,"texture":"#0","tintindex":0},"north":{"uv":[0.0,0.0,0.0,0.25],"rotation":0,"texture":"#0","tintindex":0},"south":{"uv":[0.0,0.0,0.0,0.25],"rotation":0,"texture":"#0","tintindex":0},"up":{"uv":[0.0,0.28125,0.0,0.0],"rotation":0,"texture":"#0","tintindex":0},"west":{"uv":[13.25,0.875,13.53125,1.125],"rotation":0,"texture":"#0","tintindex":0}}},{"name":"cube","from":[8.4506,-0.3246994,8.734999],"to":[8.4506,0.87530065,10.084999],"rotation":{"angle":0.0,"axis":"x","origin":[8.4506,0.27530074,9.41]},"faces":{"down":{"uv":[0.0,0.0,0.0,0.28125],"rotation":0,"texture":"#0","tintindex":0},"east":{"uv":[1.125,13.25,1.40625,13.5],"rotation":0,"texture":"#0","tintindex":0},"north":{"uv":[0.0,0.0,0.0,0.25],"rotation":0,"texture":"#0","tintindex":0},"south":{"uv":[0.0,0.0,0.0,0.25],"rotation":0,"texture":"#0","tintindex":0},"up":{"uv":[0.0,0.28125,0.0,0.0],"rotation":0,"texture":"#0","tintindex":0},"west":{"uv":[13.25,1.125,13.53125,1.375],"rotation":0,"texture":"#0","tintindex":0}}},{"name":"cube","from":[7.55,-0.3246994,8.734999],"to":[8.45,0.87530065,8.734999],"rotation":{"angle":0.0,"axis":"x","origin":[8.0,0.27530074,8.734999]},"faces":{"down":{"uv":[0.1875,0.0,0.0,0.0],"rotation":0,"texture":"#0","tintindex":0},"east":{"uv":[0.0,0.0,0.0,0.25],"rotation":0,"texture":"#0","tintindex":0},"north":{"uv":[13.25,7.0,13.4375,7.25],"rotation":0,"texture":"#0","tintindex":0},"south":{"uv":[7.25,13.25,7.4375,13.5],"rotation":0,"texture":"#0","tintindex":0},"up":{"uv":[0.1875,0.0,0.0,0.0],"rotation":0,"texture":"#0","tintindex":0},"west":{"uv":[0.0,0.0,0.0,0.25],"rotation":0,"texture":"#0","tintindex":0}}},{"name":"cube","from":[7.55,-0.3246994,8.734999],"to":[8.45,0.87530065,8.734999],"rotation":{"angle":0.0,"axis":"x","origin":[8.0,0.27530074,8.734999]},"faces":{"down":{"uv":[0.1875,0.0,0.0,0.0],"rotation":0,"texture":"#0","tintindex":0},"east":{"uv":[0.0,0.0,0.0,0.25],"rotation":0,"texture":"#0","tintindex":0},"north":{"uv":[7.5,13.25,7.6875,13.5],"rotation":0,"texture":"#0","tintindex":0},"south":{"uv":[7.75,13.25,7.9375,13.5],"rotation":0,"texture":"#0","tintindex":0},"up":{"uv":[0.1875,0.0,0.0,0.0],"rotation":0,"texture":"#0","tintindex":0},"west":{"uv":[0.0,0.0,0.0,0.25],"rotation":0,"texture":"#0","tintindex":0}}},{"name":"cube","from":[7.55,-0.3246994,10.084999],"to":[8.45,0.87530065,10.084999],"rotation":{"angle":0.0,"axis":"x","origin":[8.0,0.27530074,10.084999]},"faces":{"down":{"uv":[0.1875,0.0,0.0,0.0],"rotation":0,"texture":"#0","tintindex":0},"east":{"uv":[0.0,0.0,0.0,0.25],"rotation":0,"texture":"#0","tintindex":0},"north":{"uv":[13.25,9.625,13.4375,9.875],"rotation":0,"texture":"#0","tintindex":0},"south":{"uv":[9.875,13.25,10.0625,13.5],"rotation":0,"texture":"#0","tintindex":0},"up":{"uv":[0.1875,0.0,0.0,0.0],"rotation":0,"texture":"#0","tintindex":0},"west":{"uv":[0.0,0.0,0.0,0.25],"rotation":0,"texture":"#0","tintindex":0}}},{"name":"cube","from":[7.55,-0.3246994,10.085599],"to":[8.45,0.87530065,10.085599],"rotation":{"angle":0.0,"axis":"x","origin":[8.0,0.27530074,10.085599]},"faces":{"down":{"uv":[0.1875,0.0,0.0,0.0],"rotation":0,"texture":"#0","tintindex":0},"east":{"uv":[0.0,0.0,0.0,0.25],"rotation":0,"texture":"#0","tintindex":0},"north":{"uv":[13.25,9.875,13.4375,10.125],"rotation":0,"texture":"#0","tintindex":0},"south":{"uv":[13.25,10.125,13.4375,10.375],"rotation":0,"texture":"#0","tintindex":0},"up":{"uv":[0.1875,0.0,0.0,0.0],"rotation":0,"texture":"#0","tintindex":0},"west":{"uv":[0.0,0.0,0.0,0.25],"rotation":0,"texture":"#0","tintindex":0}}}],"display":{"head":{"translation":[0.0,-6.4,0.0],"rotation":[0.0,0.0,0.0],"scale":[3.8095,3.8095,3.8095]}}}