{"textures":{"0":"modelengine:entity/rp"},"elements":[{"name":"cube","from":[7.1,7.088522,7.1152635],"to":[8.9,8.888523,8.915264],"rotation":{"angle":45.0,"axis":"x","origin":[8.0,7.988522,8.015264]},"faces":{"down":{"uv":[12.875,9.0,12.5,9.375],"rotation":0,"texture":"#0","tintindex":0},"east":{"uv":[1.875,12.5,2.25,12.875],"rotation":0,"texture":"#0","tintindex":0},"north":{"uv":[12.375,11.25,12.75,11.625],"rotation":0,"texture":"#0","tintindex":0},"south":{"uv":[12.5,6.5,12.875,6.875],"rotation":0,"texture":"#0","tintindex":0},"up":{"uv":[12.875,7.625,12.5,7.25],"rotation":0,"texture":"#0","tintindex":0},"west":{"uv":[12.5,6.875,12.875,7.25],"rotation":0,"texture":"#0","tintindex":0}}},{"name":"cube","from":[7.55,0.87530065,8.736198],"to":[8.45,4.9253006,10.086199],"rotation":{"angle":0.0,"axis":"x","origin":[8.0,2.9003007,9.4112]},"faces":{"down":{"uv":[3.9375,13.25,3.75,13.53125],"rotation":0,"texture":"#0","tintindex":0},"east":{"uv":[3.0,11.75,3.28125,12.59375],"rotation":0,"texture":"#0","tintindex":0},"north":{"uv":[11.25,12.25,11.4375,13.09375],"rotation":0,"texture":"#0","tintindex":0},"south":{"uv":[4.375,12.375,4.5625,13.21875],"rotation":0,"texture":"#0","tintindex":0},"up":{"uv":[3.6875,13.53125,3.5,13.25],"rotation":0,"texture":"#0","tintindex":0},"west":{"uv":[11.75,11.75,12.03125,12.59375],"rotation":0,"texture":"#0","tintindex":0}}},{"name":"cube","from":[8.45,-0.3246994,8.735599],"to":[8.45,0.87530065,10.085599],"rotation":{"angle":0.0,"axis":"x","origin":[8.45,0.27530074,9.410599]},"faces":{"down":{"uv":[0.0,0.0,0.0,0.28125],"rotation":0,"texture":"#0","tintindex":0},"east":{"uv":[10.375,6.0,10.65625,6.25],"rotation":0,"texture":"#0","tintindex":0},"north":{"uv":[0.0,0.0,0.0,0.25],"rotation":0,"texture":"#0","tintindex":0},"south":{"uv":[0.0,0.0,0.0,0.25],"rotation":0,"texture":"#0","tintindex":0},"up":{"uv":[0.0,0.28125,0.0,0.0],"rotation":0,"texture":"#0","tintindex":0},"west":{"uv":[12.0,13.125,12.28125,13.375],"rotation":0,"texture":"#0","tintindex":0}}},{"name":"cube","from":[8.4506,-0.3246994,8.735599],"to":[8.4506,0.87530065,10.085599],"rotation":{"angle":0.0,"axis":"x","origin":[8.4506,0.27530074,9.410599]},"faces":{"down":{"uv":[0.0,0.0,0.0,0.28125],"rotation":0,"texture":"#0","tintindex":0},"east":{"uv":[13.125,12.0,13.40625,12.25],"rotation":0,"texture":"#0","tintindex":0},"north":{"uv":[0.0,0.0,0.0,0.25],"rotation":0,"texture":"#0","tintindex":0},"south":{"uv":[0.0,0.0,0.0,0.25],"rotation":0,"texture":"#0","tintindex":0},"up":{"uv":[0.0,0.28125,0.0,0.0],"rotation":0,"texture":"#0","tintindex":0},"west":{"uv":[13.125,12.25,13.40625,12.5],"rotation":0,"texture":"#0","tintindex":0}}},{"name":"cube","from":[7.55,-0.3246994,8.735599],"to":[7.55,0.87530065,10.085599],"rotation":{"angle":0.0,"axis":"x","origin":[7.55,0.27530074,9.410599]},"faces":{"down":{"uv":[0.0,0.0,0.0,0.28125],"rotation":0,"texture":"#0","tintindex":0},"east":{"uv":[12.375,13.125,12.65625,13.375],"rotation":0,"texture":"#0","tintindex":0},"north":{"uv":[0.0,0.0,0.0,0.25],"rotation":0,"texture":"#0","tintindex":0},"south":{"uv":[0.0,0.0,0.0,0.25],"rotation":0,"texture":"#0","tintindex":0},"up":{"uv":[0.0,0.28125,0.0,0.0],"rotation":0,"texture":"#0","tintindex":0},"west":{"uv":[13.125,12.5,13.40625,12.75],"rotation":0,"texture":"#0","tintindex":0}}},{"name":"cube","from":[7.55,-0.3246994,8.735599],"to":[7.55,0.87530065,10.085599],"rotation":{"angle":0.0,"axis":"x","origin":[7.55,0.27530074,9.410599]},"faces":{"down":{"uv":[0.0,0.0,0.0,0.28125],"rotation":0,"texture":"#0","tintindex":0},"east":{"uv":[12.75,13.125,13.03125,13.375],"rotation":0,"texture":"#0","tintindex":0},"north":{"uv":[0.0,0.0,0.0,0.25],"rotation":0,"texture":"#0","tintindex":0},"south":{"uv":[0.0,0.0,0.0,0.25],"rotation":0,"texture":"#0","tintindex":0},"up":{"uv":[0.0,0.28125,0.0,0.0],"rotation":0,"texture":"#0","tintindex":0},"west":{"uv":[13.125,12.75,13.40625,13.0],"rotation":0,"texture":"#0","tintindex":0}}},{"name":"cube","from":[7.55,-0.3246994,8.735599],"to":[8.45,0.87530065,8.735599],"rotation":{"angle":0.0,"axis":"x","origin":[8.0,0.27530074,8.735599]},"faces":{"down":{"uv":[0.1875,0.0,0.0,0.0],"rotation":0,"texture":"#0","tintindex":0},"east":{"uv":[0.0,0.0,0.0,0.25],"rotation":0,"texture":"#0","tintindex":0},"north":{"uv":[4.875,13.25,5.0625,13.5],"rotation":0,"texture":"#0","tintindex":0},"south":{"uv":[5.125,13.25,5.3125,13.5],"rotation":0,"texture":"#0","tintindex":0},"up":{"uv":[0.1875,0.0,0.0,0.0],"rotation":0,"texture":"#0","tintindex":0},"west":{"uv":[0.0,0.0,0.0,0.25],"rotation":0,"texture":"#0","tintindex":0}}},{"name":"cube","from":[7.55,-0.3246994,8.734999],"to":[8.45,0.87530065,8.734999],"rotation":{"angle":0.0,"axis":"x","origin":[8.0,0.27530074,8.734999]},"faces":{"down":{"uv":[0.1875,0.0,0.0,0.0],"rotation":0,"texture":"#0","tintindex":0},"east":{"uv":[0.0,0.0,0.0,0.25],"rotation":0,"texture":"#0","tintindex":0},"north":{"uv":[5.375,13.25,5.5625,13.5],"rotation":0,"texture":"#0","tintindex":0},"south":{"uv":[13.25,6.25,13.4375,6.5],"rotation":0,"texture":"#0","tintindex":0},"up":{"uv":[0.1875,0.0,0.0,0.0],"rotation":0,"texture":"#0","tintindex":0},"west":{"uv":[0.0,0.0,0.0,0.25],"rotation":0,"texture":"#0","tintindex":0}}},{"name":"cube","from":[7.55,-0.3246994,10.085599],"to":[8.45,0.87530065,10.085599],"rotation":{"angle":0.0,"axis":"x","origin":[8.0,0.27530074,10.085599]},"faces":{"down":{"uv":[0.1875,0.0,0.0,0.0],"rotation":0,"texture":"#0","tintindex":0},"east":{"uv":[0.0,0.0,0.0,0.25],"rotation":0,"texture":"#0","tintindex":0},"north":{"uv":[13.25,6.5,13.4375,6.75],"rotation":0,"texture":"#0","tintindex":0},"south":{"uv":[6.75,13.25,6.9375,13.5],"rotation":0,"texture":"#0","tintindex":0},"up":{"uv":[0.1875,0.0,0.0,0.0],"rotation":0,"texture":"#0","tintindex":0},"west":{"uv":[0.0,0.0,0.0,0.25],"rotation":0,"texture":"#0","tintindex":0}}},{"name":"cube","from":[7.55,-0.3246994,10.085599],"to":[8.45,0.87530065,10.085599],"rotation":{"angle":0.0,"axis":"x","origin":[8.0,0.27530074,10.085599]},"faces":{"down":{"uv":[0.1875,0.0,0.0,0.0],"rotation":0,"texture":"#0","tintindex":0},"east":{"uv":[0.0,0.0,0.0,0.25],"rotation":0,"texture":"#0","tintindex":0},"north":{"uv":[13.25,6.75,13.4375,7.0],"rotation":0,"texture":"#0","tintindex":0},"south":{"uv":[7.0,13.25,7.1875,13.5],"rotation":0,"texture":"#0","tintindex":0},"up":{"uv":[0.1875,0.0,0.0,0.0],"rotation":0,"texture":"#0","tintindex":0},"west":{"uv":[0.0,0.0,0.0,0.25],"rotation":0,"texture":"#0","tintindex":0}}}],"display":{"head":{"translation":[0.0,-6.4,0.0],"rotation":[0.0,0.0,0.0],"scale":[3.8095,3.8095,3.8095]}}}