{"textures":{"0":"modelengine:entity/rp"},"elements":[{"name":"cube","from":[7.4,7.450654,7.2652636],"to":[8.9,8.950654,8.765264],"rotation":{"angle":45.0,"axis":"x","origin":[8.15,8.200654,8.015264]},"faces":{"down":{"uv":[13.1875,1.625,12.875,1.9375],"rotation":0,"texture":"#0","tintindex":0},"east":{"uv":[12.75,12.75,13.0625,13.0625],"rotation":0,"texture":"#0","tintindex":0},"north":{"uv":[12.75,12.375,13.0625,12.6875],"rotation":0,"texture":"#0","tintindex":0},"south":{"uv":[12.875,0.875,13.1875,1.1875],"rotation":0,"texture":"#0","tintindex":0},"up":{"uv":[1.8125,13.1875,1.5,12.875],"rotation":0,"texture":"#0","tintindex":0},"west":{"uv":[12.875,1.25,13.1875,1.5625],"rotation":0,"texture":"#0","tintindex":0}}},{"name":"cube","from":[7.7,3.453023,7.6165905],"to":[8.6,8.403023,8.51659],"rotation":{"angle":0.0,"axis":"x","origin":[8.15,5.9280233,8.06659]},"faces":{"down":{"uv":[13.5625,8.25,13.375,8.4375],"rotation":0,"texture":"#0","tintindex":0},"east":{"uv":[2.75,12.25,2.9375,13.28125],"rotation":0,"texture":"#0","tintindex":0},"north":{"uv":[10.5,12.125,10.6875,13.15625],"rotation":0,"texture":"#0","tintindex":0},"south":{"uv":[12.25,6.5,12.4375,7.53125],"rotation":0,"texture":"#0","tintindex":0},"up":{"uv":[13.5625,8.1875,13.375,8.0],"rotation":0,"texture":"#0","tintindex":0},"west":{"uv":[8.625,12.25,8.8125,13.28125],"rotation":0,"texture":"#0","tintindex":0}}},{"name":"cube","from":[7.55,5.853023,7.4665904],"to":[8.75,8.403023,8.66659],"rotation":{"angle":0.0,"axis":"x","origin":[8.15,7.128023,8.06659]},"faces":{"down":{"uv":[13.5,1.5,13.25,1.75],"rotation":0,"texture":"#0","tintindex":0},"east":{"uv":[8.375,12.375,8.625,12.90625],"rotation":0,"texture":"#0","tintindex":0},"north":{"uv":[10.375,8.125,10.625,8.65625],"rotation":0,"texture":"#0","tintindex":0},"south":{"uv":[11.5,12.375,11.75,12.90625],"rotation":0,"texture":"#0","tintindex":0},"up":{"uv":[11.5,13.375,11.25,13.125],"rotation":0,"texture":"#0","tintindex":0},"west":{"uv":[12.5,12.0,12.75,12.53125],"rotation":0,"texture":"#0","tintindex":0}}}],"display":{"head":{"translation":[0.0,-6.4,0.0],"rotation":[0.0,0.0,0.0],"scale":[3.8095,3.8095,3.8095]}}}