{"textures":{"0":"modelengine:entity/rp"},"elements":[{"name":"cube","from":[7.67,7.625,7.925],"to":[8.33,8.375,9.275],"rotation":{"angle":0.0,"axis":"x","origin":[8.0,8.0,8.6]},"faces":{"down":{"uv":[11.890625,13.25,11.75,13.53125],"rotation":0,"texture":"#0","tintindex":0},"east":{"uv":[13.25,10.375,13.53125,10.53125],"rotation":0,"texture":"#0","tintindex":0},"north":{"uv":[13.5,1.5,13.640625,1.65625],"rotation":0,"texture":"#0","tintindex":0},"south":{"uv":[13.5,1.75,13.640625,1.90625],"rotation":0,"texture":"#0","tintindex":0},"up":{"uv":[10.640625,13.53125,10.5,13.25],"rotation":0,"texture":"#0","tintindex":0},"west":{"uv":[13.25,10.625,13.53125,10.78125],"rotation":0,"texture":"#0","tintindex":0}}}],"display":{"head":{"translation":[0.0,-6.4,0.0],"rotation":[0.0,0.0,0.0],"scale":[3.8095,3.8095,3.8095]}}}